duration,protocol_type,service,flag,src_bytes,dst_bytes,land,wrong_fragment,urgent,hot,num_failed_logins,logged_in,num_compromised,root_shell,su_attempted,num_root,num_file_creations,num_shells,num_access_files,num_outbound_cmds,is_host_login,is_guest_login,count,srv_count,serror_rate,srv_serror_rate,rerror_rate,srv_rerror_rate,same_srv_rate,diff_srv_rate,srv_diff_host_rate,dst_host_count,dst_host_srv_count,dst_host_same_srv_rate,dst_host_diff_srv_rate,dst_host_same_src_port_rate,dst_host_srv_diff_host_rate,dst_host_serror_rate,dst_host_srv_serror_rate,dst_host_rerror_rate,dst_host_srv_rerror_rate,label,difficulty_level,attack_category,is_attack
0,tcp,smtp,SF,914,329,0,0,0,0,0,1,0,0,0,0,0,0,0,0,0,0,2,2,0.0,0.0,0.0,0.0,1.0,0.0,0.0,255,155,0.61,0.06,0.0,0.0,0.0,0.0,0.01,0.01,normal,21,Normal,0
0,tcp,private,S0,0,0,0,0,0,0,0,0,0,0,0,0,0,0,0,0,0,0,224,2,1.0,1.0,0.0,0.0,0.01,0.07,0.0,255,2,0.01,0.07,0.0,0.0,1.0,1.0,0.0,0.0,neptune,21,DoS,1
0,tcp,smtp,SF,1012,338,0,0,0,0,0,1,0,0,0,0,0,0,0,0,0,0,1,1,0.0,0.0,0.0,0.0,1.0,0.0,0.0,139,169,0.73,0.04,0.01,0.01,0.0,0.0,0.0,0.0,normal,21,Normal,0
0,tcp,http,SF,243,667,0,0,0,0,0,1,0,0,0,0,0,0,0,0,0,0,3,5,0.0,0.0,0.0,0.0,1.0,0.0,0.4,255,255,1.0,0.0,0.0,0.0,0.0,0.0,0.0,0.0,normal,21,Normal,0
0,tcp,http,SF,227,286,0,0,0,0,0,1,0,0,0,0,0,0,0,0,0,0,1,15,0.0,0.0,0.0,0.0,1.0,0.0,0.33,222,255,1.0,0.0,0.0,0.02,0.0,0.0,0.0,0.0,normal,21,Normal,0
0,tcp,private,SH,0,0,0,0,0,0,0,0,0,0,0,0,0,0,0,0,0,0,1,1,1.0,1.0,0.0,0.0,1.0,0.0,0.0,19,1,0.05,1.0,1.0,0.0,1.0,1.0,0.0,0.0,nmap,17,Probe,1
781,tcp,http,RSTR,79864,0,0,0,0,0,0,1,0,0,0,0,0,0,0,0,0,0,1,1,0.0,0.0,1.0,1.0,1.0,0.0,0.0,230,227,0.99,0.01,0.0,0.0,0.0,0.0,0.02,0.02,apache2,13,DoS,1
0,tcp,http,SF,259,6391,0,0,0,0,0,1,0,0,0,0,0,0,0,0,0,0,6,6,0.0,0.0,0.0,0.0,1.0,0.0,0.0,24,255,1.0,0.0,0.04,0.04,0.0,0.0,0.0,0.0,normal,21,Normal,0
0,tcp,http,SF,233,330,0,0,0,0,0,1,0,0,0,0,0,0,0,0,0,0,19,19,0.0,0.0,0.0,0.0,1.0,0.0,0.0,255,255,1.0,0.0,0.0,0.0,0.0,0.0,0.0,0.0,normal,21,Normal,0
0,tcp,http,SF,235,1075,0,0,0,0,0,1,0,0,0,0,0,0,0,0,0,0,5,5,0.0,0.0,0.0,0.0,1.0,0.0,0.0,255,253,0.99,0.01,0.0,0.0,0.0,0.0,0.0,0.0,normal,21,Normal,0
0,tcp,pm_dump,SF,44,192,0,0,0,0,0,0,0,0,0,0,0,0,0,0,0,0,5,1,0.0,0.0,0.6,0.0,0.2,0.8,0.0,255,36,0.14,0.03,0.0,0.0,0.0,0.0,0.41,0.0,mscan,6,Probe,1
0,tcp,http,SF,216,313,0,0,0,0,0,1,0,0,0,0,0,0,0,0,0,0,27,28,0.0,0.0,0.0,0.0,1.0,0.0,0.07,255,255,1.0,0.0,0.0,0.0,0.0,0.0,0.0,0.0,normal,21,Normal,0
0,tcp,private,S0,0,0,0,0,0,0,0,0,0,0,0,0,0,0,0,0,0,0,216,3,1.0,1.0,0.0,0.0,0.01,0.06,0.0,255,3,0.01,0.07,0.0,0.0,1.0,1.0,0.0,0.0,neptune,21,DoS,1
280,tcp,ftp_data,SF,283618,0,0,0,0,0,0,0,0,0,0,0,0,0,0,0,0,0,1,1,0.0,0.0,0.0,0.0,1.0,0.0,0.0,1,31,1.0,0.0,1.0,0.16,0.0,0.0,0.0,0.0,warezmaster,16,R2L,1
280,tcp,ftp_data,SF,283618,0,0,0,0,0,0,0,0,0,0,0,0,0,0,0,0,0,2,2,0.0,0.0,0.0,0.0,1.0,0.0,0.0,6,22,1.0,0.0,1.0,0.14,0.0,0.0,0.0,0.0,warezmaster,16,R2L,1
0,tcp,telnet,SF,123,174,0,0,0,0,1,0,0,0,0,0,0,0,0,0,0,0,2,2,0.0,0.0,0.0,0.0,1.0,0.0,0.0,255,183,0.72,0.02,0.0,0.0,0.0,0.0,0.02,0.03,guess_passwd,15,R2L,1
0,tcp,http,SF,257,1296,0,0,0,0,0,1,0,0,0,0,0,0,0,0,0,0,3,4,0.0,0.0,0.0,0.0,1.0,0.0,0.5,255,255,1.0,0.0,0.0,0.0,0.0,0.0,0.0,0.0,normal,21,Normal,0
0,tcp,http,SF,269,524,0,0,0,0,0,1,0,0,0,0,0,0,0,0,0,0,1,7,0.0,0.0,0.0,0.0,1.0,0.0,0.29,40,255,1.0,0.0,0.03,0.02,0.0,0.0,0.0,0.0,normal,21,Normal,0
0,tcp,http,SF,260,32017,0,0,0,0,0,1,0,0,0,0,0,0,0,0,0,0,1,1,0.0,0.0,0.0,0.0,1.0,0.0,0.0,48,255,1.0,0.0,0.02,0.02,0.0,0.0,0.0,0.0,normal,21,Normal,0
0,icmp,ecr_i,SF,520,0,0,0,0,0,0,0,0,0,0,0,0,0,0,0,0,0,188,188,0.0,0.0,0.0,0.0,1.0,0.0,0.0,255,255,1.0,0.0,1.0,0.0,0.0,0.0,0.0,0.0,smurf,19,DoS,1
0,tcp,http,SF,197,1343,0,0,0,0,0,1,0,0,0,0,0,0,0,0,0,0,39,39,0.0,0.0,0.0,0.0,1.0,0.0,0.0,255,255,1.0,0.0,0.0,0.0,0.0,0.0,0.0,0.0,normal,21,Normal,0
0,tcp,pop_3,S0,0,0,0,0,0,0,0,0,0,0,0,0,0,0,0,0,0,0,1,1,1.0,1.0,0.0,0.0,1.0,0.0,0.0,156,85,0.33,0.02,0.01,0.02,1.0,1.0,0.0,0.0,mscan,18,Probe,1
0,tcp,http,SF,235,2507,0,0,0,0,0,1,0,0,0,0,0,0,0,0,0,0,6,29,0.0,0.0,0.0,0.0,1.0,0.0,0.07,255,226,0.89,0.02,0.0,0.0,0.0,0.0,0.0,0.0,normal,21,Normal,0
3,tcp,pop_3,SF,30,93,0,0,0,0,0,1,0,0,0,0,0,0,0,0,0,0,1,1,0.0,0.0,0.0,0.0,1.0,0.0,0.0,255,247,0.97,0.01,0.0,0.0,0.0,0.0,0.02,0.0,guess_passwd,18,R2L,1
0,tcp,other,RSTR,0,0,0,0,0,0,0,0,0,0,0,0,0,0,0,0,0,0,1,1,0.0,0.0,1.0,1.0,1.0,0.0,0.0,255,1,0.0,0.93,0.93,0.0,0.0,0.0,0.93,1.0,normal,3,Normal,0
0,tcp,imap4,RSTO,0,44,0,0,0,0,0,0,0,0,0,0,0,0,0,0,0,0,3,2,0.0,0.0,0.67,1.0,0.33,1.0,1.0,255,50,0.2,0.02,0.0,0.0,0.01,0.0,0.72,0.98,mscan,14,Probe,1
20,tcp,ftp,SF,224,764,0,0,0,4,0,1,0,0,0,0,0,0,0,0,0,1,1,1,0.0,0.0,0.0,0.0,1.0,0.0,0.0,37,9,0.24,0.05,0.03,0.0,0.0,0.0,0.0,0.0,normal,21,Normal,0
4,tcp,pop_3,SF,32,93,0,0,0,0,0,1,0,0,0,0,0,0,0,0,0,0,1,1,0.0,0.0,0.0,0.0,1.0,0.0,0.0,13,14,1.0,0.0,0.08,0.14,0.0,0.0,0.0,0.0,guess_passwd,7,R2L,1
0,tcp,http,SF,209,6239,0,0,0,0,0,1,0,0,0,0,0,0,0,0,0,0,3,3,0.0,0.0,0.0,0.0,1.0,0.0,0.0,55,255,1.0,0.0,0.02,0.05,0.02,0.01,0.0,0.0,normal,21,Normal,0
0,tcp,private,S0,0,0,0,0,0,0,0,0,0,0,0,0,0,0,0,0,0,0,163,8,1.0,1.0,0.0,0.0,0.05,0.09,0.0,255,8,0.03,0.08,0.0,0.0,1.0,1.0,0.0,0.0,neptune,21,DoS,1
0,tcp,http,SF,230,27681,0,0,0,0,0,1,0,0,0,0,0,0,0,0,0,0,6,6,0.0,0.0,0.0,0.0,1.0,0.0,0.0,142,255,1.0,0.0,0.01,0.03,0.0,0.0,0.0,0.0,normal,21,Normal,0
0,tcp,telnet,SF,125,174,0,0,0,0,1,0,0,0,0,0,0,0,0,0,0,0,1,1,0.0,0.0,0.0,0.0,1.0,0.0,0.0,255,222,0.87,0.02,0.0,0.0,0.0,0.0,0.02,0.03,guess_passwd,15,R2L,1
0,udp,other,SF,1,1,0,0,0,0,0,0,0,0,0,0,0,0,0,0,0,0,21,1,0.0,0.0,0.0,0.0,0.05,1.0,0.0,255,1,0.0,0.92,1.0,0.0,0.0,0.0,0.0,0.0,satan,15,Probe,1
0,tcp,efs,S0,0,0,0,0,0,0,0,0,0,0,0,0,0,0,0,0,0,0,36,5,1.0,1.0,0.0,0.0,0.14,0.19,0.0,255,5,0.02,0.17,0.0,0.0,1.0,1.0,0.0,0.0,neptune,18,DoS,1
0,udp,domain_u,SF,45,45,0,0,0,0,0,0,0,0,0,0,0,0,0,0,0,0,2,3,0.0,0.0,0.0,0.0,1.0,0.0,0.67,255,224,0.88,0.01,0.01,0.0,0.0,0.0,0.07,0.0,normal,18,Normal,0
4,tcp,pop_3,SF,31,93,0,0,0,0,0,1,0,0,0,0,0,0,0,0,0,0,1,1,0.0,0.0,0.0,0.0,1.0,0.0,0.0,255,249,0.98,0.01,0.0,0.0,0.0,0.0,0.0,0.0,guess_passwd,18,R2L,1
0,tcp,http,SF,225,489,0,0,0,0,0,1,0,0,0,0,0,0,0,0,0,0,10,15,0.0,0.0,0.0,0.0,1.0,0.0,0.27,255,255,1.0,0.0,0.0,0.0,0.01,0.01,0.0,0.0,normal,21,Normal,0
0,tcp,private,S0,0,0,0,0,0,0,0,0,0,0,0,0,0,0,0,0,0,0,146,17,1.0,1.0,0.0,0.0,0.12,0.09,0.0,255,17,0.07,0.13,0.0,0.0,1.0,1.0,0.0,0.0,neptune,21,DoS,1
0,tcp,klogin,REJ,0,0,0,0,0,0,0,0,0,0,0,0,0,0,0,0,0,0,140,4,0.0,0.0,1.0,1.0,0.03,0.06,0.0,255,4,0.02,0.05,0.0,0.0,0.0,0.0,1.0,1.0,neptune,20,DoS,1
16500,tcp,telnet,SF,1256,182830,0,0,0,0,0,1,796,1,2,878,0,0,1,0,0,0,1,1,0.0,0.0,0.0,0.0,1.0,0.0,0.0,29,3,0.1,0.1,0.03,0.0,0.0,0.0,0.0,0.0,normal,20,Normal,0
0,tcp,iso_tsap,S0,0,0,0,0,0,0,0,0,0,0,0,0,0,0,0,0,0,0,144,9,1.0,1.0,0.0,0.0,0.06,0.09,0.0,255,9,0.04,0.09,0.0,0.0,1.0,1.0,0.0,0.0,neptune,20,DoS,1
0,tcp,http,SF,211,1774,0,0,0,0,0,1,0,0,0,0,0,0,0,0,0,0,12,20,0.0,0.0,0.0,0.0,1.0,0.0,0.2,12,255,1.0,0.0,0.08,0.02,0.0,0.0,0.0,0.0,normal,21,Normal,0
13067,tcp,telnet,SF,103,2487,0,0,0,0,0,1,4,0,0,0,0,0,0,0,0,0,1,1,0.0,0.0,0.0,0.0,1.0,0.0,0.0,42,18,0.43,0.05,0.02,0.0,0.02,0.06,0.0,0.0,normal,20,Normal,0
0,tcp,http,SF,333,1234,0,0,0,0,0,1,0,0,0,0,0,0,0,0,0,0,71,71,0.0,0.0,0.0,0.0,1.0,0.0,0.0,255,255,1.0,0.0,0.0,0.0,0.0,0.0,0.0,0.0,normal,21,Normal,0
0,tcp,http,SF,230,1064,0,0,0,0,0,1,0,0,0,0,0,0,0,0,0,0,26,28,0.0,0.0,0.0,0.0,1.0,0.0,0.11,58,255,1.0,0.0,0.02,0.02,0.0,0.0,0.0,0.0,normal,21,Normal,0
2,tcp,login,SF,6,0,0,0,0,0,0,1,0,0,0,0,0,0,0,0,0,0,510,1,0.01,0.0,0.95,0.0,0.0,1.0,0.0,255,1,0.0,1.0,0.0,0.0,0.02,0.0,0.95,0.0,satan,15,Probe,1
0,udp,private,SF,51,51,0,0,0,0,0,0,0,0,0,0,0,0,0,0,0,0,4,4,0.0,0.0,0.0,0.0,1.0,0.0,0.0,255,254,1.0,0.01,0.01,0.0,0.0,0.0,0.0,0.0,snmpguess,12,R2L,1
0,tcp,http,SF,185,4160,0,0,0,0,0,1,0,0,0,0,0,0,0,0,0,0,1,1,0.0,0.0,0.0,0.0,1.0,0.0,0.0,72,237,1.0,0.0,0.01,0.03,0.0,0.0,0.0,0.0,normal,21,Normal,0
2074,tcp,http,RSTR,56504,0,0,0,0,0,0,1,0,0,0,0,0,0,0,0,0,0,12,12,0.33,0.33,0.67,0.67,1.0,0.0,0.0,255,242,0.95,0.01,0.0,0.0,0.02,0.02,0.24,0.25,apache2,18,DoS,1
0,udp,private,SF,42,0,0,0,0,0,0,0,0,0,0,0,0,0,0,0,0,0,5,5,0.0,0.0,0.0,0.0,1.0,0.0,0.0,255,255,1.0,0.0,0.0,0.0,0.0,0.0,0.0,0.0,snmpguess,16,R2L,1
0,udp,private,SF,105,0,0,0,0,0,0,0,0,0,0,0,0,0,0,0,0,0,5,5,0.0,0.0,0.0,0.0,1.0,0.0,0.0,255,254,1.0,0.01,0.0,0.0,0.0,0.0,0.0,0.0,normal,20,Normal,0
0,tcp,private,REJ,0,0,0,0,0,0,0,0,0,0,0,0,0,0,0,0,0,0,211,11,0.0,0.0,1.0,1.0,0.05,0.06,0.0,255,11,0.04,0.06,0.0,0.0,0.0,0.0,1.0,1.0,neptune,21,DoS,1
0,tcp,private,REJ,0,0,0,0,0,0,0,0,0,0,0,0,0,0,0,0,0,0,139,14,0.0,0.0,1.0,1.0,0.1,0.06,0.0,255,14,0.05,0.06,0.0,0.0,0.0,0.0,1.0,1.0,neptune,21,DoS,1
0,tcp,http,SF,219,2828,0,0,0,0,0,1,0,0,0,0,0,0,0,0,0,0,9,10,0.0,0.0,0.0,0.0,1.0,0.0,0.2,255,255,1.0,0.0,0.0,0.0,0.0,0.0,0.0,0.0,normal,21,Normal,0
0,udp,domain_u,SF,44,44,0,0,0,0,0,0,0,0,0,0,0,0,0,0,0,0,211,211,0.0,0.0,0.0,0.0,1.0,0.0,0.0,255,254,1.0,0.01,0.0,0.0,0.0,0.0,0.0,0.0,normal,18,Normal,0
0,tcp,http,SF,212,1227,0,0,0,0,0,1,0,0,0,0,0,0,0,0,0,0,3,3,0.0,0.0,0.0,0.0,1.0,0.0,0.0,255,255,1.0,0.0,0.0,0.0,0.0,0.0,0.0,0.0,normal,21,Normal,0
0,tcp,http,SF,334,10351,0,0,0,0,0,1,0,0,0,0,0,0,0,0,0,0,6,6,0.0,0.0,0.0,0.0,1.0,0.0,0.0,6,241,1.0,0.0,0.17,0.05,0.0,0.0,0.0,0.0,normal,21,Normal,0
0,udp,private,SF,105,146,0,0,0,0,0,0,0,0,0,0,0,0,0,0,0,0,1,1,0.0,0.0,0.0,0.0,1.0,0.0,0.0,143,142,0.99,0.01,0.01,0.0,0.0,0.0,0.0,0.0,snmpgetattack,2,R2L,1
281,tcp,ftp,SF,164,599,0,0,0,2,0,1,0,0,0,0,0,0,0,0,0,1,1,1,0.0,0.0,0.0,0.0,1.0,0.0,0.0,50,24,0.48,0.08,0.02,0.0,0.0,0.0,0.0,0.0,warezmaster,11,R2L,1
0,tcp,http,SF,54540,8314,0,0,0,2,0,1,1,0,0,0,0,0,0,0,0,0,3,5,0.0,0.0,0.0,0.0,1.0,0.0,0.6,255,255,1.0,0.0,0.0,0.0,0.01,0.01,0.06,0.06,back,16,DoS,1
0,tcp,http,SF,211,4408,0,0,0,0,0,1,0,0,0,0,0,0,0,0,0,0,4,10,0.0,0.0,0.0,0.0,1.0,0.0,0.2,15,255,1.0,0.0,0.07,0.01,0.0,0.0,0.0,0.0,normal,21,Normal,0
0,tcp,http,SF,231,11802,0,0,0,0,0,1,0,0,0,0,0,0,0,0,0,0,16,41,0.0,0.0,0.0,0.0,1.0,0.0,0.15,74,255,1.0,0.0,0.01,0.02,0.0,0.0,0.0,0.0,normal,21,Normal,0
0,tcp,private,REJ,0,0,0,0,0,0,0,0,0,0,0,0,0,0,0,0,0,0,221,18,0.0,0.0,1.0,1.0,0.08,0.06,0.0,255,18,0.07,0.07,0.0,0.0,0.0,0.0,1.0,1.0,neptune,21,DoS,1
0,tcp,telnet,S3,0,44,0,0,0,0,0,0,0,0,0,0,0,0,0,0,0,0,1,1,1.0,1.0,0.0,0.0,1.0,0.0,0.0,255,104,0.41,0.52,0.0,0.0,0.31,0.76,0.51,0.0,processtable,19,DoS,1
1,tcp,telnet,RSTO,15,94,0,0,0,0,0,0,0,0,0,0,0,0,0,0,0,0,4,22,0.0,0.18,0.75,0.73,0.5,0.75,0.91,36,127,0.5,0.08,0.03,0.02,0.0,0.0,0.83,0.37,mscan,8,Probe,1
7541,tcp,telnet,SF,0,44,0,0,0,0,0,0,0,0,0,0,0,0,0,0,0,0,1,1,0.0,0.0,0.0,0.0,1.0,0.0,0.0,255,191,0.75,0.03,0.0,0.0,0.33,0.45,0.12,0.07,processtable,18,DoS,1
0,tcp,private,REJ,0,0,0,0,0,0,0,0,0,0,0,0,0,0,0,0,0,0,102,2,0.0,0.0,1.0,1.0,0.02,0.06,0.0,255,2,0.01,0.06,0.0,0.0,0.0,0.0,1.0,1.0,neptune,21,DoS,1
0,tcp,private,REJ,0,0,0,0,0,0,0,0,0,0,0,0,0,0,0,0,0,0,236,9,0.0,0.0,1.0,1.0,0.04,0.07,0.0,255,9,0.04,0.07,0.0,0.0,0.0,0.0,1.0,1.0,neptune,21,DoS,1
0,tcp,sunrpc,REJ,0,0,0,0,0,0,0,0,0,0,0,0,0,0,0,0,0,0,1,3,0.0,0.0,1.0,1.0,1.0,0.0,1.0,82,51,0.16,0.06,0.01,0.04,0.0,0.0,0.88,1.0,mscan,13,Probe,1
0,tcp,private,REJ,0,0,0,0,0,0,0,0,0,0,0,0,0,0,0,0,0,0,220,11,0.0,0.0,1.0,1.0,0.05,0.06,0.0,255,11,0.04,0.06,0.0,0.0,0.0,0.0,1.0,1.0,neptune,21,DoS,1
0,tcp,private,REJ,0,0,0,0,0,0,0,0,0,0,0,0,0,0,0,0,0,0,99,3,0.0,0.0,1.0,1.0,0.03,0.07,0.0,255,3,0.01,0.06,0.0,0.0,0.0,0.0,1.0,1.0,neptune,21,DoS,1
0,tcp,http,SF,218,2454,0,0,0,0,0,1,0,0,0,0,0,0,0,0,0,0,9,9,0.0,0.0,0.0,0.0,1.0,0.0,0.0,157,255,1.0,0.0,0.01,0.03,0.0,0.0,0.0,0.0,normal,21,Normal,0
0,tcp,http,SF,232,695,0,0,0,0,0,1,0,0,0,0,0,0,0,0,0,0,12,13,0.0,0.0,0.0,0.0,1.0,0.0,0.15,62,255,1.0,0.0,0.02,0.03,0.0,0.0,0.0,0.0,normal,21,Normal,0
6,tcp,pop_3,SF,30,93,0,0,0,0,0,1,0,0,0,0,0,0,0,0,0,0,1,1,0.0,0.0,0.0,0.0,1.0,0.0,0.0,255,222,0.87,0.04,0.0,0.0,0.0,0.0,0.0,0.0,guess_passwd,17,R2L,1
0,udp,private,SF,1,1,0,0,0,0,0,0,0,0,0,0,0,0,0,0,0,0,27,1,0.0,0.0,0.0,0.0,0.04,0.89,0.0,255,1,0.0,0.54,0.97,0.0,0.0,0.0,0.03,0.0,satan,17,Probe,1
0,tcp,http,SF,218,3729,0,0,0,0,0,1,0,0,0,0,0,0,0,0,0,0,4,16,0.0,0.0,0.0,0.0,1.0,0.0,0.19,255,255,1.0,0.0,0.0,0.0,0.0,0.0,0.0,0.0,normal,21,Normal,0
0,icmp,ecr_i,SF,1032,0,0,0,0,0,0,0,0,0,0,0,0,0,0,0,0,0,510,510,0.0,0.0,0.0,0.0,1.0,0.0,0.0,143,126,0.88,0.01,0.88,0.0,0.0,0.0,0.01,0.0,smurf,18,DoS,1
0,tcp,http,SF,290,2671,0,0,0,0,0,1,0,0,0,0,0,0,0,0,0,0,2,6,0.0,0.0,0.0,0.0,1.0,0.0,0.33,132,255,1.0,0.0,0.01,0.01,0.0,0.0,0.0,0.0,normal,21,Normal,0
0,udp,domain_u,SF,30,0,0,0,0,0,0,0,0,0,0,0,0,0,0,0,0,0,1,2,0.0,0.0,0.0,0.0,1.0,0.0,1.0,255,31,0.12,0.02,0.12,0.0,0.0,0.0,0.0,0.0,normal,21,Normal,0
0,tcp,private,S0,0,0,0,0,0,0,0,0,0,0,0,0,0,0,0,0,0,0,108,8,1.0,1.0,0.0,0.0,0.07,0.06,0.0,255,8,0.03,0.06,0.0,0.0,1.0,1.0,0.0,0.0,neptune,21,DoS,1
0,tcp,http,SF,304,12380,0,0,0,0,0,1,0,0,0,0,0,0,0,0,0,0,1,2,0.0,0.0,0.0,0.0,1.0,0.0,1.0,7,255,1.0,0.0,0.14,0.03,0.0,0.0,0.0,0.0,normal,21,Normal,0
0,tcp,private,SH,0,0,0,0,0,0,0,0,0,0,0,0,0,0,0,0,0,0,1,1,1.0,1.0,0.0,0.0,1.0,0.0,0.0,29,1,0.03,1.0,1.0,0.0,1.0,1.0,0.0,0.0,nmap,18,Probe,1
0,tcp,http,SF,287,762,0,0,0,0,0,1,0,0,0,0,0,0,0,0,0,0,1,16,0.0,0.0,0.0,0.0,1.0,0.0,0.25,141,255,1.0,0.0,0.01,0.02,0.0,0.0,0.0,0.0,normal,21,Normal,0
0,icmp,ecr_i,SF,72,0,0,0,0,0,0,0,0,0,0,0,0,0,0,0,0,0,3,3,0.0,0.0,0.0,0.0,1.0,0.0,0.0,138,4,0.03,0.06,0.03,0.0,0.0,0.0,0.0,0.0,normal,19,Normal,0
0,tcp,supdup,S0,0,0,0,0,0,0,0,0,0,0,0,0,0,0,0,0,0,0,191,18,1.0,1.0,0.0,0.0,0.09,0.08,0.0,255,18,0.07,0.09,0.0,0.0,1.0,1.0,0.0,0.0,neptune,18,DoS,1
4,tcp,pop_3,SF,32,93,0,0,0,0,0,1,0,0,0,0,0,0,0,0,0,0,1,1,0.0,0.0,0.0,0.0,1.0,0.0,0.0,255,164,0.64,0.02,0.0,0.0,0.0,0.0,0.13,0.0,guess_passwd,15,R2L,1
0,tcp,http,SF,319,629,0,0,0,0,0,1,0,0,0,0,0,0,0,0,0,0,15,15,0.0,0.0,0.0,0.0,1.0,0.0,0.0,103,255,1.0,0.0,0.01,0.04,0.0,0.0,0.0,0.0,normal,21,Normal,0
0,tcp,private,S0,0,0,0,0,0,0,0,0,0,0,0,0,0,0,0,0,0,0,240,17,1.0,1.0,0.0,0.0,0.07,0.07,0.0,255,17,0.07,0.07,0.0,0.0,1.0,1.0,0.0,0.0,neptune,21,DoS,1
0,tcp,telnet,S3,0,44,0,0,0,0,0,0,0,0,0,0,0,0,0,0,0,0,1,1,1.0,1.0,0.0,0.0,1.0,0.0,0.0,255,123,0.48,0.47,0.0,0.0,0.37,0.77,0.46,0.02,processtable,18,DoS,1
280,tcp,ftp_data,SF,283618,0,0,0,0,1,0,0,0,0,0,0,0,0,0,0,0,0,2,2,0.0,0.0,0.0,0.0,1.0,0.0,0.0,86,56,0.12,0.07,0.12,0.04,0.0,0.0,0.0,0.0,warezmaster,3,R2L,1
99,tcp,ftp,SF,4455,7403,0,0,0,101,0,1,0,0,0,0,100,0,0,0,0,0,1,1,0.0,0.0,0.0,0.0,1.0,0.0,0.0,12,1,0.08,0.25,0.08,0.0,0.0,0.0,0.0,0.0,normal,19,Normal,0
0,tcp,http,SF,314,6943,0,0,0,0,0,1,0,0,0,0,0,0,0,0,0,0,7,7,0.0,0.0,0.0,0.0,1.0,0.0,0.0,255,255,1.0,0.0,0.0,0.0,0.0,0.0,0.0,0.0,normal,21,Normal,0
0,tcp,private,RSTR,0,0,0,0,0,0,0,0,0,0,0,0,0,0,0,0,0,0,1,1,0.0,0.0,1.0,1.0,1.0,0.0,0.0,255,1,0.0,0.1,0.08,0.0,0.0,0.0,0.99,1.0,portsweep,20,Probe,1
0,icmp,ecr_i,SF,1032,0,0,0,0,0,0,0,0,0,0,0,0,0,0,0,0,0,3,3,0.0,0.0,0.0,0.0,1.0,0.0,0.0,255,255,1.0,0.0,1.0,0.0,0.0,0.0,0.0,0.0,smurf,18,DoS,1
0,tcp,private,S0,0,0,0,0,0,0,0,0,0,0,0,0,0,0,0,0,0,0,214,4,1.0,1.0,0.0,0.0,0.02,0.06,0.0,255,4,0.02,0.07,0.0,0.0,1.0,1.0,0.0,0.0,neptune,21,DoS,1
0,tcp,exec,RSTO,0,0,0,0,0,0,0,0,0,0,0,0,0,0,0,0,0,0,147,10,0.0,0.0,1.0,1.0,0.07,0.05,0.0,255,10,0.04,0.06,0.0,0.0,0.0,0.0,1.0,1.0,neptune,19,DoS,1
0,udp,domain_u,SF,46,46,0,0,0,0,0,0,0,0,0,0,0,0,0,0,0,0,2,5,0.0,0.0,0.0,0.0,1.0,0.0,0.6,255,251,0.98,0.01,0.01,0.0,0.0,0.0,0.0,0.0,normal,21,Normal,0
0,tcp,http,SF,281,294,0,0,0,0,0,1,0,0,0,0,0,0,0,0,0,0,4,8,0.0,0.0,0.0,0.0,1.0,0.0,0.25,28,255,1.0,0.0,0.04,0.03,0.0,0.0,0.0,0.0,normal,21,Normal,0
0,tcp,domain,REJ,0,0,0,0,0,0,0,0,0,0,0,0,0,0,0,0,0,0,200,1,0.0,0.0,1.0,1.0,0.0,0.06,0.0,255,1,0.0,0.07,0.0,0.0,0.0,0.0,1.0,1.0,neptune,19,DoS,1
0,tcp,private,REJ,0,0,0,0,0,0,0,0,0,0,0,0,0,0,0,0,0,0,204,15,0.0,0.0,1.0,1.0,0.07,0.06,0.0,255,15,0.06,0.07,0.0,0.0,0.0,0.0,1.0,1.0,neptune,21,DoS,1
